{"initial_reset_timestamp": 1612975664.033344, "timestamps": [1612975665.4427261], "episode_lengths": [149], "episode_rewards": [-149.0], "episode_types": ["t"]}